tt0000001	short	Carmencita	Carmencita	0	1894	\N	1	Documentary,Short
tt0000002	short	Le clown et ses chiens	Le clown et ses chiens	0	1892	\N	5	Animation,Short
tt0000003	short	Pauvre Pierrot	Pauvre Pierrot	0	1892	\N	4	Animation,Comedy,Romance
tt0000004	short	Un bon bock	Un bon bock	0	1892	\N	12	Animation,Short
tt0000005	short	Blacksmith Scene	Blacksmith Scene	0	1893	\N	1	Comedy,Short
tt0000006	short	Chinese Opium Den	Chinese Opium Den	0	1894	\N	1	Short
tt11202018	movie	Marcus Vega Doesn't Speak Spanish	Marcus Vega Doesn't Speak Spanish	0	\N	\N	\N	Drama
tt0444950	tvSeries	Le coeur a ses raisons	Le coeur a ses raisons	0	2005	\N	30	Comedy,Romance
tt0444951	tvSeries	War Room	Hadar Milhama	0	2005	\N	60	Drama
tt0444952	tvSeries	Hiram	Hiram	0	2004	\N	42	Drama,Romance
tt0444953	tvSeries	Kaleido Star	Kaleido Star	0	2003	\N	23	Animation,Comedy,Drama
tt0444964	movie	The Cliffhanger	The Cliffhanger	0	2003	\N	97	Drama
tt0444965	short	Clown	Clown	0	2005	\N	20	Short,Thriller
tt0444966	movie	6 A.M.	Dai mo wai	0	2004	\N	89	Action